[
  {
    "Image" : "/Images/Brinjal.jpeg",
    "Name" : "Brinjal",
    "id" : 1,
    "Description" : "Rich in vitamins B1, B2, B3, and C, as well as dietary fiber and antioxidants.",
    "Price" : "30"
  },
  {
    "Image" : "/Images/Cabbage.jpeg",
    "Name" : "Cabbage",
    "id" : 2,
    "Description" : "Rich in vitamins C and K, fiber, and antioxidants,known for its health benefits.",
    "Price" : "20"
  },
  {
    "Image" : "/Images/Capsicum.jpeg",
    "Name" : "Capsicum",
    "id" : 3,
    "Description" : "Rich in vitamins A and C, and a good source of dietary fiber and antioxidants.",
    "Price" : "20"
  },
  {
    "Image" : "/Images/Green Pea.jpeg",
    "Name" : "Green Pea",
    "id" : 4,
    "Description" : "Rich in vitamins A, C, and K, as well as protein, fiber, and various antioxidants.",
    "Price" : "40"
  },
  {
    "Image" : "/Images/Maize(Corn).jpeg",
    "Name" : "Maize(Corn)",
    "id" : 5,
    "Description" : "A good source of carbohydrates, fiber, particularly B vitamins and vitamin C.",
    "Price" : "10"
  },
  {
    "Image" : "/Images/Onion.jpeg",
    "Name" : "Onions",
    "id" : 6,
    "Description" : "Rich in vitamins C and B6, manganese, known for its anti-inflammatory properties.",
    "Price" : "70"
  },
  {
    "Image" : "/Images/Spinach.jpeg",
    "Name" : "Spinach",
    "id" : 7,
    "Description" : "Packed with vitamins A, C, and K, as well as iron, calcium, known for its health benefits.",
    "Price" : "20"
  },
  {
    "Image" : "/Images/Tomato.jpeg",
    "Name" : "Tomato",
    "id" : 8,
    "Description" : "Rich in vitamins C and K, potassium, and folate, especially lycopene.",
    "Price" : "50"
  },
  {
    "Image" : "/Images/Carrots.png",
    "Name" : "Carrots",
    "id" : 9,
    "Description" : "Carrots contain vitamins A (as beta-carotene), K1, B6, C.",
    "Price" : "45"
  },
  {
    "Image" : "/Images/Potatoes.png",
    "Name" : "Potatoes",
    "id" : 10,
    "Description" : "Potatoes contain vitamins C, B6, B1 (thiamine), B3 (niacin), B9 (folate).",
    "Price" : "25"
  },
  {
    "Image" : "/Images/Cucumber.png",
    "Name" : "Cucumber",
    "id" : 11,
    "Description" : "Cucumbers contain vitamins K, C, B5 (pantothenic acid).",
    "Price" : "35"
  },
  {
    "Image" : "/Images/Bottle Guard.png",
    "Name" : "Bottle Guard",
    "id" : 12,
    "Description" : "Bottle gourd (also known as lauki or calabash) contains vitamins C.",
    "Price" : "15"
  }
]